[
    {
        "id": 1,
        "title": "ডিজিটাল ও স্মার্ট ক্লাসরুম",
        "description": "ইহা একটি ডেমো টেক্সট, এখানে আপনার শিক্ষাপ্রতিষ্ঠানের বিশেষ সুবিধা সম্পর্কে সংখিপ্তভাবে লিখুন",
        "icon": "classroom"
    },
    {
        "id": 2,
        "title": "অত্যাধুনিক বিজ্ঞানাগার",
        "description": "ইহা একটি ডেমো টেক্সট, এখানে আপনার শিক্ষাপ্রতিষ্ঠানের বিশেষ সুবিধা সম্পর্কে সংখিপ্তভাবে লিখুন",
        "icon": "lab"
    },
    {
        "id": 3,
        "title": "শেখ রাসেল ডিজিটাল ল্যাব",
        "description": "ইহা একটি ডেমো টেক্সট, এখানে আপনার শিক্ষাপ্রতিষ্ঠানের বিশেষ সুবিধা সম্পর্কে সংখিপ্তভাবে লিখুন",
        "icon": "digitalLab"
    },
    {
        "id": 4,
        "title": "নিজস্ব পাঠাগার",
        "description": "ইহা একটি ডেমো টেক্সট, এখানে আপনার শিক্ষাপ্রতিষ্ঠানের বিশেষ সুবিধা সম্পর্কে সংখিপ্তভাবে লিখুন",
        "icon": "library"
    },
    {
        "id": 5,
        "title": "দক্ষ শিক্ষকবৃন্দ",
        "description": "ইহা একটি ডেমো টেক্সট, এখানে আপনার শিক্ষাপ্রতিষ্ঠানের বিশেষ সুবিধা সম্পর্কে সংখিপ্তভাবে লিখুন",
        "icon": "teachers"
    },
    {
        "id": 6,
        "title": "সুবিশাল খেলার মাঠ",
        "description": "ইহা একটি ডেমো টেক্সট, এখানে আপনার শিক্ষাপ্রতিষ্ঠানের বিশেষ সুবিধা সম্পর্কে সংখিপ্তভাবে লিখুন",
        "icon": "playground"
    },
    {
        "id": 7,
        "title": "ডিজিটাল উপস্থিতি ও হিসাব",
        "description": "ইহা একটি ডেমো টেক্সট, এখানে আপনার শিক্ষাপ্রতিষ্ঠানের বিশেষ সুবিধা সম্পর্কে সংখিপ্তভাবে লিখুন",
        "icon": "attendance"
    },
    {
        "id": 8,
        "title": "সার্বক্ষণিক সিসি টিভি মনিটরিং",
        "description": "ইহা একটি ডেমো টেক্সট, এখানে আপনার শিক্ষাপ্রতিষ্ঠানের বিশেষ সুবিধা সম্পর্কে সংখিপ্তভাবে লিখুন",
        "icon": "cctv"
    },
    {
        "id": 9,
        "title": "ক্যাশলেস অনলাইন পেমেন্ট",
        "description": "ইহা একটি ডেমো টেক্সট, এখানে আপনার শিক্ষাপ্রতিষ্ঠানের বিশেষ সুবিধা সম্পর্কে সংখিপ্তভাবে লিখুন",
        "icon": "onlinePayment"
    },
    {
        "id": 10,
        "title": "হাইব্রিড পদ্ধতিতে পাঠদান",
        "description": "ইহা একটি ডেমো টেক্সট, এখানে আপনার শিক্ষাপ্রতিষ্ঠানের বিশেষ সুবিধা সম্পর্কে সংখিপ্তভাবে লিখুন",
        "icon": "hybridTeaching"
    },
    {
        "id": 11,
        "title": "বৃত্তি ও উপবৃত্তি সুবিধা",
        "description": "ইহা একটি ডেমো টেক্সট, এখানে আপনার শিক্ষাপ্রতিষ্ঠানের বিশেষ সুবিধা সম্পর্কে সংখিপ্তভাবে লিখুন",
        "icon": "scholarship"
    },
    {
        "id": 12,
        "title": "ক্যারিয়ার গাইডলাইন",
        "description": "ইহা একটি ডেমো টেক্সট, এখানে আপনার শিক্ষাপ্রতিষ্ঠানের বিশেষ সুবিধা সম্পর্কে সংখিপ্তভাবে লিখুন",
        "icon": "career"
    }
]